"소요시간범위","출발시간","연휴길이","눈비","X1종.교통량","X2종.교통량","서울인구수","소요시간"
"B",0,3,TRUE,3793419,229419,10388055,132
"B",1,3,TRUE,2514790,203047,10388055,129
"A",2,3,TRUE,1846564,235137,10388055,121
"A",3,3,TRUE,1632415,305994,10388055,124
"A",4,3,TRUE,2247045,444384,10388055,119
"A",5,3,TRUE,5186824,774325,10388055,118
"B",6,3,TRUE,10866409,1206051,10388055,128
"B",7,3,TRUE,15984740,1349972,10388055,133
"B",8,3,TRUE,17462577,1624836,10388055,133
"B",9,3,TRUE,19314963,1932103,10388055,149
"C",10,3,TRUE,21570894,1937699,10388055,163
"C",11,3,TRUE,20983137,1768677,10388055,166
"C",12,3,TRUE,19894414,1596595,10388055,162
"B",13,3,TRUE,21519196,1610557,10388055,137
"B",14,3,TRUE,22670554,1669824,10388055,137
"A",15,3,TRUE,23232147,1567158,10388055,123
"A",16,3,TRUE,23527400,1408343,10388055,107
"A",17,3,TRUE,24025597,1218600,10388055,106
"A",18,3,TRUE,21219880,899265,10388055,98
"A",19,3,TRUE,16408481,655917,10388055,93
"A",20,3,TRUE,13599182,486769,10388055,93
"A",21,3,TRUE,11220101,374074,10388055,91
"A",22,3,TRUE,8291072,297572,10388055,88
"A",23,3,TRUE,5655106,239321,10388055,89
"C",0,4,FALSE,3551327,179224,10369593,155
"C",1,4,FALSE,2379600,172692,10369593,158
"C",2,4,FALSE,1755680,206269,10369593,150
"B",3,4,FALSE,1560879,263359,10369593,146
"C",4,4,FALSE,2171128,394981,10369593,154
"B",5,4,FALSE,5066315,680975,10369593,148
"C",6,4,FALSE,10406430,1085883,10369593,152
"C",7,4,FALSE,15221692,1225733,10369593,168
"D",8,4,FALSE,16710517,1462189,10369593,174
"D",9,4,TRUE,18634958,1720856,10369593,177
"D",10,4,FALSE,20704719,1720531,10369593,203
"D",11,4,FALSE,20216244,1576422,10369593,205
"D",12,4,TRUE,19194886,1405197,10369593,225
"D",13,4,FALSE,20755272,1433045,10369593,216
"D",14,4,FALSE,21816978,1476089,10369593,206
"D",15,4,FALSE,22353936,1379857,10369593,187
"D",16,4,FALSE,22658379,1240158,10369593,172
"C",17,4,FALSE,23013125,1060793,10369593,157
"B",18,4,FALSE,20109610,768213,10369593,146
"B",19,4,FALSE,15455642,553550,10369593,134
"A",20,4,FALSE,12710244,405901,10369593,121
"A",21,4,FALSE,10473982,311397,10369593,110
"A",22,4,FALSE,7763743,239495,10369593,102
"A",23,4,FALSE,5279820,199497,10369593,99
"C",6,5,FALSE,9289639,910190,10297138,157
"D",7,5,FALSE,13384876,1032145,10297138,181
"D",8,5,FALSE,14753459,1209263,10297138,171
"D",9,5,FALSE,16662426,1416714,10297138,182
"D",10,5,FALSE,18460017,1404372,10297138,203
"D",11,5,FALSE,17990220,1278377,10297138,215
"D",15,5,FALSE,19877237,1126585,10297138,203
"D",16,5,FALSE,20110893,1012096,10297138,196
"D",17,5,FALSE,20261661,870086,10297138,182
"D",18,5,FALSE,17543348,614827,10297138,171
"C",19,5,FALSE,13465160,442135,10297138,160
"B",20,5,FALSE,11171349,323293,10297138,144
"B",21,5,FALSE,9194389,240153,10297138,126
"A",22,5,FALSE,6796676,185327,10297138,113
"A",23,5,FALSE,4636096,157563,10297138,104
"C",0,4,TRUE,2263990,55522,10124579,154
"B",1,4,FALSE,1534668,56025,10124579,149
"B",2,4,FALSE,1146168,61401,10124579,143
"B",4,4,FALSE,1586722,120295,10124579,149
"C",6,4,FALSE,7695815,439642,10124579,157
"D",7,4,FALSE,10713741,533512,10124579,170
"C",8,4,FALSE,11863474,598953,10124579,158
"B",9,4,FALSE,13242181,688415,10124579,144
"C",10,4,FALSE,14473087,676177,10124579,164
"C",11,4,FALSE,14092662,607412,10124579,152
"C",12,4,FALSE,13599682,543005,10124579,150
"B",13,4,FALSE,14700451,577625,10124579,144
"B",14,4,FALSE,15286525,586611,10124579,148
"B",15,4,FALSE,15616153,553681,10124579,139
"A",16,4,FALSE,15978700,500434,10124579,122
"B",17,4,FALSE,16007163,430053,10124579,129
"A",18,4,FALSE,13614141,282458,10124579,110
"A",19,4,FALSE,10278326,194536,10124579,113
"A",20,4,FALSE,8327714,134453,10124579,107
"A",21,4,FALSE,6816494,93863,10124579,100
"A",22,4,FALSE,4954720,70169,10124579,94
"A",23,4,FALSE,3336994,61849,10124579,90
"A",0,4,FALSE,2062008,46739,10049607,123
"B",1,4,FALSE,1404611,48487,10049607,135
"B",2,4,FALSE,1075574,56086,10049607,133
"B",3,4,FALSE,1010519,68881,10049607,146
"B",4,4,FALSE,1513685,103093,10049607,138
"B",5,4,FALSE,3739115,188766,10049607,131
"B",6,4,FALSE,7130843,370566,10049607,143
"C",7,4,FALSE,10017061,461543,10049607,163
"B",8,4,FALSE,11151705,518635,10049607,145
"C",9,4,FALSE,12240786,592020,10049607,156
"C",10,4,FALSE,13237082,572941,10049607,166
"D",11,4,FALSE,12896834,515435,10049607,191
"D",12,4,FALSE,12505601,460235,10049607,205
"D",13,4,FALSE,13521478,488713,10049607,187
"D",14,4,FALSE,14037169,500614,10049607,191
"D",15,4,FALSE,14342853,469771,10049607,181
"C",16,4,FALSE,14725316,425221,10049607,169
"C",17,4,FALSE,14811510,358830,10049607,160
"B",18,4,FALSE,12616185,229294,10049607,148
"B",19,4,FALSE,9387736,154941,10049607,133
"A",20,4,FALSE,7572362,108346,10049607,120
"A",21,4,FALSE,6205753,77044,10049607,112
"A",22,4,FALSE,4511182,58402,10049607,104
"A",23,4,FALSE,3057070,55743,10049607,99
"A",0,4,FALSE,6931877,654882,9911088,121
"B",1,4,FALSE,3910325,423050,9911088,125
"B",2,4,FALSE,3073500,479703,9911088,139
"B",3,4,FALSE,3184334,577997,9911088,143
"B",4,4,FALSE,5676460,765750,9911088,131
"B",5,4,FALSE,16524701,1139063,9911088,147
"C",6,4,FALSE,33702462,1629920,9911088,153
"C",7,4,FALSE,51388364,1765147,9911088,155
"C",8,4,FALSE,51740388,2010702,9911088,150
"C",9,4,FALSE,49797211,2208959,9911088,159
"D",10,4,FALSE,53135274,2023882,9911088,177
"D",11,4,FALSE,52246935,1820612,9911088,188
"D",12,4,FALSE,50664256,1586687,9911088,194
"D",13,4,FALSE,55434200,1651664,9911088,196
"D",14,4,FALSE,57668715,1654545,9911088,172
"D",15,4,FALSE,58538861,1523451,9911088,170
"C",16,4,FALSE,60586463,1352887,9911088,153
"B",17,4,FALSE,63006617,1122638,9911088,142
"B",18,4,FALSE,55025143,820619,9911088,130
"A",19,4,FALSE,37614683,636968,9911088,117
"A",20,4,FALSE,29794437,488107,9911088,108
"A",21,4,FALSE,22938920,417156,9911088,102
"A",22,4,FALSE,15357956,360587,9911088,97
"A",23,4,FALSE,9510468,370481,9911088,90
